file,folder,stem,variant,size_bytes,importers_count,suggested_action
src/components/EnhancedMobileCamera.tsx,components,EnhancedMobileCamera,,17283,0,likely_delete
src/components/audit/AuditLogDetailsDialog.tsx,audit,AuditLogDetailsDialog,,24853,0,likely_delete
src/components/contracts/AlarafOfficialContractComplete.tsx,contracts,AlarafOfficialContractComplete,Complete,59977,0,duplicate_variant
src/components/contracts/ContractAlerts.tsx,contracts,ContractAlerts,,6022,0,likely_delete
src/components/contracts/ContractAmendmentForm.tsx,contracts,ContractAmendmentForm,,17072,0,likely_delete
src/components/contracts/ContractAmendmentsList.tsx,contracts,ContractAmendmentsList,,15550,0,likely_delete
src/components/contracts/ContractCreationErrorHandler.tsx,contracts,ContractCreationErrorHandler,,7327,0,likely_delete
src/components/contracts/ContractHeader.tsx,contracts,ContractHeader,,8632,0,likely_delete
src/components/contracts/ContractHeaderRedesigned.tsx,contracts,ContractHeaderRedesigned,Redesigned,26237,0,duplicate_variant
src/components/contracts/ContractHtmlViewer.tsx,contracts,ContractHtmlViewer,,17357,0,likely_delete
src/components/contracts/ContractInvoicesTabRedesigned.tsx,contracts,ContractInvoicesTabRedesigned,Redesigned,60201,0,duplicate_variant
src/components/contracts/ContractPaymentsTabRedesigned.tsx,contracts,ContractPaymentsTabRedesigned,Redesigned,56077,0,duplicate_variant
src/components/contracts/ContractPrintDialog.tsx,contracts,ContractPrintDialog,,6429,0,likely_delete
src/components/contracts/ContractPrintView.tsx,contracts,ContractPrintView,,24446,0,likely_delete
src/components/contracts/ContractStatusBadge.tsx,contracts,ContractStatusBadge,,6685,0,likely_delete
src/components/contracts/ContractVehicleConditionReport.tsx,contracts,ContractVehicleConditionReport,,12551,0,likely_delete
src/components/contracts/ContractViolationsTabRedesigned.tsx,contracts,ContractViolationsTabRedesigned,Redesigned,55571,0,duplicate_variant
src/components/contracts/ConvertToLegalDialog.tsx,contracts,ConvertToLegalDialog,,20608,0,likely_delete
src/components/contracts/DocumentSavingProgress.tsx,contracts,DocumentSavingProgress,,6292,0,likely_delete
src/components/contracts/DocumentUploadDialog.tsx,contracts,DocumentUploadDialog,,15672,0,likely_delete
src/components/contracts/EnhancedPaymentScheduleTabRedesigned.tsx,contracts,EnhancedPaymentScheduleTabRedesigned,Redesigned,26137,0,duplicate_variant
src/components/contracts/ExpressContractForm.tsx,contracts,ExpressContractForm,,19375,0,likely_delete
src/components/contracts/FinancialDashboard.tsx,contracts,FinancialDashboard,,18275,0,likely_delete
src/components/contracts/InspectionReminders.tsx,contracts,InspectionReminders,,17242,0,likely_delete
src/components/contracts/LateFinesTab.tsx,contracts,LateFinesTab,,10855,0,likely_delete
src/components/contracts/OfficialContractView.tsx,contracts,OfficialContractView,,14501,0,likely_delete
src/components/contracts/TimelineView.tsx,contracts,TimelineView,,6325,0,likely_delete
src/components/contracts/VehiclePickupReturnTabRedesigned.tsx,contracts,VehiclePickupReturnTabRedesigned,Redesigned,25322,0,duplicate_variant
src/components/contracts/VehicleReturnFormDialog.tsx,contracts,VehicleReturnFormDialog,,73431,0,likely_delete
src/components/contracts/vehicle-inspection/MarkDialog.tsx,vehicle-inspection,MarkDialog,,12708,0,likely_delete
src/components/contracts/vehicle-inspection/VehicleComparisonView.tsx,vehicle-inspection,VehicleComparisonView,,13012,0,likely_delete
src/components/contracts/vehicle-inspection/VehicleConditionDialog.tsx,vehicle-inspection,VehicleConditionDialog,,13831,0,likely_delete
src/components/contracts/vehicle-inspection/VehicleMarking.tsx,vehicle-inspection,VehicleMarking,,15230,0,likely_delete
src/components/contracts/vehicle-inspection/VisualVehicleDiagram.tsx,vehicle-inspection,VisualVehicleDiagram,,17002,0,likely_delete
src/components/contracts/vehicle-inspection/types.ts,vehicle-inspection,types,,20423,0,likely_delete
src/components/csv/CSVArchiveSelector.tsx,csv,CSVArchiveSelector,,10650,0,likely_delete
src/components/csv/CSVFixPreview.tsx,csv,CSVFixPreview,,11481,0,likely_delete
src/components/csv/CSVTableEditor.tsx,csv,CSVTableEditor,,7536,0,likely_delete
src/components/csv/DateFormatSelector.tsx,csv,DateFormatSelector,,13598,0,likely_delete
src/components/customers/AccountLinking.tsx,customers,AccountLinking,,8693,0,likely_delete
src/components/customers/AccountingSettings.tsx,customers,AccountingSettings,,3345,0,likely_delete
src/components/customers/AccountingSummary.tsx,customers,AccountingSummary,,5410,0,likely_delete
src/components/customers/BulkDeleteCustomersDialog.tsx,customers,BulkDeleteCustomersDialog,,16967,0,likely_delete
src/components/customers/CreateAccountsForExistingCustomers.tsx,customers,CreateAccountsForExistingCustomers,,11048,0,likely_delete
src/components/customers/CreateCustomerDialog.tsx,customers,CreateCustomerDialog,,763,0,likely_delete
src/components/customers/CustomerAccountBalance.tsx,customers,CustomerAccountBalance,,7394,0,likely_delete
src/components/customers/CustomerAccountForm.tsx,customers,CustomerAccountForm,,8379,0,likely_delete
src/components/customers/CustomerAccountSelector.tsx,customers,CustomerAccountSelector,,23625,0,likely_delete
src/components/customers/CustomerAccountStatement.tsx,customers,CustomerAccountStatement,,26535,0,likely_delete
src/components/customers/CustomerAccountsManager.tsx,customers,CustomerAccountsManager,,11801,0,likely_delete
src/components/customers/CustomerAgingReport.tsx,customers,CustomerAgingReport,,10303,0,likely_delete
src/components/customers/CustomerCSVUpload.tsx,customers,CustomerCSVUpload,,10404,0,likely_delete
src/components/customers/CustomerCreationOptionsDialog.tsx,customers,CustomerCreationOptionsDialog,,7115,0,likely_delete
src/components/customers/CustomerDetailsDialog.tsx,customers,CustomerDetailsDialog,,32689,0,likely_delete
src/components/customers/CustomerDiagnostics.tsx,customers,CustomerDiagnostics,,14820,0,likely_delete
src/components/customers/CustomerDisplayName.tsx,customers,CustomerDisplayName,,2406,0,likely_delete
src/components/customers/CustomerFormWithDuplicateCheck.tsx,customers,CustomerFormWithDuplicateCheck,,5281,0,likely_delete
src/components/customers/CustomerImportWizard.tsx,customers,CustomerImportWizard,,20690,0,likely_delete
src/components/customers/CustomerInvoicesTab.tsx,customers,CustomerInvoicesTab,,11809,0,likely_delete
src/components/customers/CustomerSplitView.tsx,customers,CustomerSplitView,,22726,0,likely_delete
src/components/customers/DriverLicenseManager.tsx,customers,DriverLicenseManager,,23589,0,likely_delete
src/components/customers/DuplicateCustomerDialog.tsx,customers,DuplicateCustomerDialog,,8840,0,likely_delete
src/components/customers/FixCustomerAccounts.tsx,customers,FixCustomerAccounts,,10143,0,likely_delete
src/components/customers/MobileCustomerCard.tsx,customers,MobileCustomerCard,,6286,0,likely_delete
src/components/customers/tabs/ActivityTab.tsx,tabs,ActivityTab,,6706,0,likely_delete
src/components/customers/tabs/ContractsTab.tsx,tabs,ContractsTab,,6154,0,likely_delete
src/components/customers/tabs/DocumentCard.tsx,tabs,DocumentCard,,4443,0,likely_delete
src/components/customers/tabs/InvoicesTab.tsx,tabs,InvoicesTab,,18894,0,likely_delete
src/components/customers/tabs/MissingDataWarnings.tsx,tabs,MissingDataWarnings,,4415,0,likely_delete
src/components/customers/tabs/NotesTab.tsx,tabs,NotesTab,,20371,0,likely_delete
src/components/customers/tabs/PaymentsTab.tsx,tabs,PaymentsTab,,15264,0,likely_delete
src/components/customers/tabs/PersonalInfoTab.tsx,tabs,PersonalInfoTab,,3565,0,likely_delete
src/components/customers/tabs/PhoneNumbersTab.tsx,tabs,PhoneNumbersTab,,4350,0,likely_delete
src/components/customers/tabs/VehiclesTab.tsx,tabs,VehiclesTab,,4225,0,likely_delete
src/components/customers/tabs/ViolationsTab.tsx,tabs,ViolationsTab,,6884,0,likely_delete
src/components/customers/tabs/helpers.ts,tabs,helpers,,582,0,likely_delete
src/components/customers/tabs/types.ts,tabs,types,,218,0,likely_delete
src/components/employee/dialogs/AddNoteDialog.tsx,dialogs,AddNoteDialog,,10043,0,likely_delete
src/components/employee/dialogs/CallLogDialog.tsx,dialogs,CallLogDialog,,14344,0,likely_delete
src/components/employee/dialogs/ScheduleFollowupDialog.tsx,dialogs,ScheduleFollowupDialog,,13790,0,likely_delete
src/components/exports/ExportButton.tsx,exports,ExportButton,,9825,0,likely_delete
src/components/finance/AccountBalanceHistory.tsx,finance,AccountBalanceHistory,,8002,0,likely_delete
src/components/finance/AccountChangeHistory.tsx,finance,AccountChangeHistory,,6995,0,likely_delete
src/components/finance/AccountsTreeView.tsx,finance,AccountsTreeView,,16248,0,likely_delete
src/components/finance/AdvancedFinancialReports.tsx,finance,AdvancedFinancialReports,,20970,0,likely_delete
src/components/finance/CashReceiptVoucher.tsx,finance,CashReceiptVoucher,,14111,0,likely_delete
src/components/finance/ChartOfAccountsCSVUpload.tsx,finance,ChartOfAccountsCSVUpload,,21110,0,likely_delete
src/components/finance/DemoDataGenerator.tsx,finance,DemoDataGenerator,,40967,0,likely_delete
src/components/finance/DepositForm.tsx,finance,DepositForm,,7900,0,likely_delete
src/components/finance/EnhancedDeleteAllAccountsDialog.tsx,finance,EnhancedDeleteAllAccountsDialog,,18343,0,likely_delete
src/components/finance/FinancialAlertsSystem.tsx,finance,FinancialAlertsSystem,,8231,0,likely_delete
src/components/finance/InvoiceCard.tsx,finance,InvoiceCard,,4297,0,likely_delete
src/components/finance/InvoiceForm.tsx,finance,InvoiceForm,,23102,0,likely_delete
src/components/finance/PayrollIntegrationCard.tsx,finance,PayrollIntegrationCard,,8087,0,likely_delete
src/components/finance/PendingJournalEntriesManager.tsx,finance,PendingJournalEntriesManager,,9485,0,likely_delete
src/components/finance/ProfessionalAccountStatement.tsx,finance,ProfessionalAccountStatement,,20984,0,likely_delete
src/components/finance/ProfessionalInvoiceTemplate.tsx,finance,ProfessionalInvoiceTemplate,,13411,0,likely_delete
src/components/finance/ReturnDepositDialog.tsx,finance,ReturnDepositDialog,,5391,0,likely_delete
src/components/finance/VendorAccountManager.tsx,finance,VendorAccountManager,,12906,0,likely_delete
src/components/finance/VendorAccountSelector.tsx,finance,VendorAccountSelector,,1376,0,likely_delete
src/components/finance/charts/AccountSelectionDialog.tsx,charts,AccountSelectionDialog,,12165,0,likely_delete
src/components/finance/charts/AccountSummaryPanel.tsx,charts,AccountSummaryPanel,,11622,0,likely_delete
src/components/finance/charts/AccountTemplateManager.tsx,charts,AccountTemplateManager,,6863,0,likely_delete
src/components/finance/charts/AccountTooltip.tsx,charts,AccountTooltip,,7969,0,likely_delete
src/components/finance/charts/ChartValidationPanel.tsx,charts,ChartValidationPanel,,12457,0,likely_delete
src/components/finance/charts/EnhancedAccountsVisualization.tsx,charts,EnhancedAccountsVisualization,,30119,0,likely_delete
src/components/finance/charts/ExportAccountsUtility.tsx,charts,ExportAccountsUtility,,11799,0,likely_delete
src/components/finance/charts/KeyboardShortcutsHelp.tsx,charts,KeyboardShortcutsHelp,,4499,0,likely_delete
src/components/finance/charts/SmartAccountWizardTab.tsx,charts,SmartAccountWizardTab,,23338,0,likely_delete
src/components/finance/charts/TemplatePreviewDialog.tsx,charts,TemplatePreviewDialog,,13847,0,likely_delete
src/components/finance/csv-import/AccountsPreviewTable.tsx,csv-import,AccountsPreviewTable,,13701,0,likely_delete
src/components/finance/csv-import/AccountsTreeView.tsx,csv-import,AccountsTreeView,,11452,0,likely_delete
src/components/finance/csv-import/CSVDragDropUpload.tsx,csv-import,CSVDragDropUpload,,9244,0,likely_delete
src/components/finance/enhanced-editing/AISmartParentSelector.tsx,enhanced-editing,AISmartParentSelector,,14675,0,likely_delete
src/components/finance/enhanced-editing/AccountMoveValidator.ts,enhanced-editing,AccountMoveValidator,,9419,0,likely_delete
src/components/finance/enhanced-editing/EnhancedAccountEditDialog.tsx,enhanced-editing,EnhancedAccountEditDialog,,26429,0,likely_delete
src/components/finance/enhanced-editing/InteractiveAccountTree.tsx,enhanced-editing,InteractiveAccountTree,,7987,0,likely_delete
src/components/finance/enhanced-editing/SmartParentSelector.tsx,enhanced-editing,SmartParentSelector,,915,0,likely_delete
src/components/finance/wizard/AccountsCustomization.tsx,wizard,AccountsCustomization,,9516,0,likely_delete
src/components/finance/wizard/AccountsMapping.tsx,wizard,AccountsMapping,,5730,0,likely_delete
src/components/finance/wizard/BankSetup.tsx,wizard,BankSetup,,10985,0,likely_delete
src/components/finance/wizard/BusinessTypeSelection.tsx,wizard,BusinessTypeSelection,,11861,0,likely_delete
src/components/finance/wizard/WizardCompletion.tsx,wizard,WizardCompletion,,10289,0,likely_delete
src/components/fleet/DispatchPermitDetailsDialog.tsx,fleet,DispatchPermitDetailsDialog,,20954,0,likely_delete
src/components/fleet/PDFViewer.tsx,fleet,PDFViewer,,5300,0,likely_delete
src/components/fleet/TrafficViolationPaymentForm.tsx,fleet,TrafficViolationPaymentForm,,10159,0,likely_delete
src/components/fleet/TrafficViolationStats.tsx,fleet,TrafficViolationStats,,9712,0,likely_delete
src/components/fleet/UnifiedOdometerInput.tsx,fleet,UnifiedOdometerInput,,9021,0,likely_delete
src/components/fleet/VehicleComprehensiveReportDialog.tsx,fleet,VehicleComprehensiveReportDialog,,28715,0,likely_delete
src/components/fleet/VehicleConditionReport.tsx,fleet,VehicleConditionReport,,10077,0,likely_delete
src/components/fleet/VehicleConditionReportDialog.tsx,fleet,VehicleConditionReportDialog,,7950,0,likely_delete
src/components/fleet/VehicleDocumentsPanel.tsx,fleet,VehicleDocumentsPanel,,25811,0,likely_delete
src/components/fleet/VehicleInsurancePanel.tsx,fleet,VehicleInsurancePanel,,33403,0,likely_delete
src/components/fleet/VehiclePricingPanel.tsx,fleet,VehiclePricingPanel,,10417,0,likely_delete
src/components/fleet/VehicleReturnForm.tsx,fleet,VehicleReturnForm,,16461,0,likely_delete
src/components/fleet/ViolationImportReport.tsx,fleet,ViolationImportReport,,9912,0,likely_delete
src/components/fleet/vehicle-document-distribution/QueueManager.ts,vehicle-document-distribution,QueueManager,,13232,0,likely_delete
src/components/fleet/vehicle-document-distribution/constants.ts,vehicle-document-distribution,constants,,670,0,likely_delete
src/components/fleet/vehicle-document-distribution/ocr-utils.ts,vehicle-document-distribution,ocr-utils,,2178,0,likely_delete
src/components/fleet/vehicle-document-distribution/storage.ts,vehicle-document-distribution,storage,,1450,0,likely_delete
src/components/fleet/vehicle-document-distribution/types.ts,vehicle-document-distribution,types,,2323,0,likely_delete
src/components/help/HelpButton.tsx,help,HelpButton,,2647,0,likely_delete
src/components/help/HelpContent.tsx,help,HelpContent,,3361,0,likely_delete
src/components/help/PageHelp.tsx,help,PageHelp,,1767,0,likely_delete
src/components/help/content/AttendancePageHelp.tsx,content,AttendancePageHelp,,10285,0,likely_delete
src/components/help/content/ChartOfAccountsPageHelp.tsx,content,ChartOfAccountsPageHelp,,9828,0,likely_delete
src/components/help/content/CollectionsPageHelp.tsx,content,CollectionsPageHelp,,19866,0,likely_delete
src/components/help/content/CompaniesPageHelp.tsx,content,CompaniesPageHelp,,10980,0,likely_delete
src/components/help/content/ContractsHelp.tsx,content,ContractsHelp,,10914,0,likely_delete
src/components/help/content/ContractsPageHelp.tsx,content,ContractsPageHelp,,7654,0,likely_delete
src/components/help/content/CustomersHelp.tsx,content,CustomersHelp,,7966,0,likely_delete
src/components/help/content/CustomersPageHelp.tsx,content,CustomersPageHelp,,5523,0,likely_delete
src/components/help/content/DashboardPageHelp.tsx,content,DashboardPageHelp,,21529,0,likely_delete
src/components/help/content/DispatchPermitsPageHelp.tsx,content,DispatchPermitsPageHelp,,11532,0,likely_delete
src/components/help/content/DriversPageHelp.tsx,content,DriversPageHelp,,11131,0,likely_delete
src/components/help/content/EmployeesPageHelp.tsx,content,EmployeesPageHelp,,10844,0,likely_delete
src/components/help/content/FinanceReportsPageHelp.tsx,content,FinanceReportsPageHelp,,11082,0,likely_delete
src/components/help/content/FinancialTrackingPageHelp.tsx,content,FinancialTrackingPageHelp,,5033,0,likely_delete
src/components/help/content/GeneralLedgerPageHelp.tsx,content,GeneralLedgerPageHelp,,9144,0,likely_delete
src/components/help/content/InventoryPageHelp.tsx,content,InventoryPageHelp,,12568,0,likely_delete
src/components/help/content/InvoicesPageHelp.tsx,content,InvoicesPageHelp,,12336,0,likely_delete
src/components/help/content/JournalEntriesPageHelp.tsx,content,JournalEntriesPageHelp,,9447,0,likely_delete
src/components/help/content/LegalPageHelp.tsx,content,LegalPageHelp,,11729,0,likely_delete
src/components/help/content/MaintenancePageHelp.tsx,content,MaintenancePageHelp,,11917,0,likely_delete
src/components/help/content/PaymentRegistrationPageHelp.tsx,content,PaymentRegistrationPageHelp,,18185,0,likely_delete
src/components/help/content/PaymentTrackingPageHelp.tsx,content,PaymentTrackingPageHelp,,11170,0,likely_delete
src/components/help/content/PaymentsPageHelp.tsx,content,PaymentsPageHelp,,10776,0,likely_delete
src/components/help/content/PayrollPageHelp.tsx,content,PayrollPageHelp,,9758,0,likely_delete
src/components/help/content/PropertiesPageHelp.tsx,content,PropertiesPageHelp,,11955,0,likely_delete
src/components/help/content/PropertyOwnersPageHelp.tsx,content,PropertyOwnersPageHelp,,12251,0,likely_delete
src/components/help/content/QuickPaymentPageHelpContent.tsx,content,QuickPaymentPageHelpContent,,7523,0,likely_delete
src/components/help/content/QuotationsPageHelp.tsx,content,QuotationsPageHelp,,9328,0,likely_delete
src/components/help/content/ReportsPageHelp.tsx,content,ReportsPageHelp,,13625,0,likely_delete
src/components/help/content/SettingsPageHelp.tsx,content,SettingsPageHelp,,11103,0,likely_delete
src/components/help/content/SuperAdminPageHelp.tsx,content,SuperAdminPageHelp,,10298,0,likely_delete
src/components/help/content/TenantsPageHelp.tsx,content,TenantsPageHelp,,13487,0,likely_delete
src/components/help/content/TrafficViolationsPageHelp.tsx,content,TrafficViolationsPageHelp,,10431,0,likely_delete
src/components/help/content/UsersPageHelp.tsx,content,UsersPageHelp,,11022,0,likely_delete
src/components/help/content/VehicleInstallmentsPageHelp.tsx,content,VehicleInstallmentsPageHelp,,10215,0,likely_delete
src/components/help/content/VehiclesPageHelp.tsx,content,VehiclesPageHelp,,10184,0,likely_delete
src/components/hr/LeaveRequestDetailsDialog.tsx,hr,LeaveRequestDetailsDialog,,10538,0,likely_delete
src/components/hr/LeaveRequestReviewDialog.tsx,hr,LeaveRequestReviewDialog,,9423,0,likely_delete
src/components/hr/PayrollForm.tsx,hr,PayrollForm,,17766,0,likely_delete
src/components/i18n/I18nProvider.tsx,i18n,I18nProvider,,7801,0,likely_delete
src/components/i18n/LanguageSwitcher.tsx,i18n,LanguageSwitcher,,9009,0,likely_delete
src/components/i18n/MirroredIcon.tsx,i18n,MirroredIcon,,7891,0,likely_delete
src/components/invoices/InvoiceCameraCapture.tsx,invoices,InvoiceCameraCapture,,3944,0,likely_delete
src/components/invoices/InvoiceMatchingView.tsx,invoices,InvoiceMatchingView,,6009,0,likely_delete
src/components/invoices/InvoiceOCRResults.tsx,invoices,InvoiceOCRResults,,4419,0,likely_delete
src/components/landing/InteractiveCard.tsx,landing,InteractiveCard,,2272,0,likely_delete
src/components/layouts/AppSidebar.tsx,layouts,AppSidebar,,23455,0,likely_delete
src/components/layouts/EnhancedSidebar.tsx,layouts,EnhancedSidebar,,13210,0,likely_delete
src/components/legal/LegalComplaintGenerator.tsx,legal,LegalComplaintGenerator,,32077,0,likely_delete
src/components/legal/NoticeAutoFiller.tsx,legal,NoticeAutoFiller,,13129,0,likely_delete
src/components/legal/NoticeTemplateManager.tsx,legal,NoticeTemplateManager,,19100,0,likely_delete
src/components/legal/translations/autoCreateTriggers.ts,translations,autoCreateTriggers,,3691,0,likely_delete
src/components/mobile/FABMenu.tsx,mobile,FABMenu,,5303,0,likely_delete
src/components/mobile/FloatingActionButton.tsx,mobile,FloatingActionButton,,7381,0,likely_delete
src/components/mobile/MobileDatePicker.tsx,mobile,MobileDatePicker,,4870,0,likely_delete
src/components/mobile/MobileFormWrapper.tsx,mobile,MobileFormWrapper,,6806,0,likely_delete
src/components/mobile/MobileInput.tsx,mobile,MobileInput,,3555,0,likely_delete
src/components/mobile/NavBadge.tsx,mobile,NavBadge,,3432,0,likely_delete
src/components/mobile/TouchOptimization.tsx,mobile,TouchOptimization,,19212,0,likely_delete
src/components/mobile/VoiceInput.tsx,mobile,VoiceInput,,7568,0,likely_delete
src/components/mobile/VoicePrivacyDialog.tsx,mobile,VoicePrivacyDialog,,10029,0,likely_delete
src/components/mobile/VoiceRecorder.tsx,mobile,VoiceRecorder,,4295,0,likely_delete
src/components/notifications/NotificationItem.tsx,notifications,NotificationItem,,8892,0,likely_delete
src/components/performance/LazyComponent.tsx,performance,LazyComponent,,1325,0,likely_delete
src/components/performance/MobileOptimizationProvider.tsx,performance,MobileOptimizationProvider,,12273,0,likely_delete
src/components/premium-landing/CTASection.tsx,premium-landing,CTASection,,6253,0,likely_delete
src/components/premium-landing/FeaturesGrid.tsx,premium-landing,FeaturesGrid,,9450,0,likely_delete
src/components/premium-landing/IntegrationsSection.tsx,premium-landing,IntegrationsSection,,2938,0,likely_delete
src/components/premium-landing/PremiumFooter.tsx,premium-landing,PremiumFooter,,8952,0,likely_delete
src/components/premium-landing/PremiumHero.tsx,premium-landing,PremiumHero,,13381,0,likely_delete
src/components/premium-landing/PremiumNavbar.tsx,premium-landing,PremiumNavbar,,5700,0,likely_delete
src/components/premium-landing/PricingSection.tsx,premium-landing,PricingSection,,12822,0,likely_delete
src/components/premium-landing/StatsSection.tsx,premium-landing,StatsSection,,4824,0,likely_delete
src/components/reports/NoDataMessage.tsx,reports,NoDataMessage,,438,0,likely_delete
src/components/reports/SimpleDataTable.tsx,reports,SimpleDataTable,,2107,0,likely_delete
src/components/reports/SimpleReportSummary.tsx,reports,SimpleReportSummary,,1397,0,likely_delete
src/components/settings/ColorPicker.tsx,settings,ColorPicker,,7289,0,likely_delete
src/components/settings/ConfirmDialog.tsx,settings,ConfirmDialog,,3120,0,likely_delete
src/components/super-admin/CompanyModulesManager.tsx,super-admin,CompanyModulesManager,,11039,0,likely_delete
src/components/super-admin/TransferUserDialog.tsx,super-admin,TransferUserDialog,,16582,0,likely_delete
src/components/team/BulkAssignmentDialog.tsx,team,BulkAssignmentDialog,,16485,0,likely_delete
src/components/team/ContractAssignmentDialog.tsx,team,ContractAssignmentDialog,,14551,0,likely_delete
src/components/team/UnassignContractDialog.tsx,team,UnassignContractDialog,,8991,0,likely_delete
src/components/tour-guide/TourContext.tsx,tour-guide,TourContext,,3426,0,likely_delete
src/components/tour-guide/TourGuide.tsx,tour-guide,TourGuide,,11967,0,likely_delete
src/components/tour-guide/tours.ts,tour-guide,tours,,11260,0,likely_delete
src/components/ui/native-bottom-sheet.tsx,ui,native-bottom-sheet,,6432,0,likely_delete
src/components/ui/native-button.tsx,ui,native-button,,3534,0,likely_delete
src/components/ui/native-card.tsx,ui,native-card,,3593,0,likely_delete
src/components/ui/native-spinner.tsx,ui,native-spinner,,3274,0,likely_delete
src/components/vehicle-installments/VehicleInstallmentDetails.tsx,vehicle-installments,VehicleInstallmentDetails,,26279,0,likely_delete
src/components/vehicle-installments/wizard/AgreementPreview.tsx,wizard,AgreementPreview,,9290,0,likely_delete
src/components/vehicle-installments/wizard/FinancialSummary.tsx,wizard,FinancialSummary,,7072,0,likely_delete
src/components/vehicle-installments/wizard/InstallmentCalendar.tsx,wizard,InstallmentCalendar,,4684,0,likely_delete
src/components/vehicle-installments/wizard/MultiVehicleWizard.tsx,wizard,MultiVehicleWizard,,29667,0,likely_delete
src/components/vehicle-installments/wizard/StepIndicator.tsx,wizard,StepIndicator,,2316,0,likely_delete
src/components/vehicle-installments/wizard/VehicleBulkSelector.tsx,wizard,VehicleBulkSelector,,15163,0,likely_delete
src/components/vehicle-installments/wizard/VendorAutoSuggest.tsx,wizard,VendorAutoSuggest,,6749,0,likely_delete
src/hooks/business/useContractCalculations.ts,business,useContractCalculations,,14741,0,likely_delete
src/hooks/integrations/useCustomerOrderFulfillment.ts,integrations,useCustomerOrderFulfillment,,6085,0,likely_delete
src/hooks/integrations/useInventoryPOSummary.ts,integrations,useInventoryPOSummary,,3356,0,likely_delete
src/hooks/integrations/useInventoryPurchaseOrders.ts,integrations,useInventoryPurchaseOrders,,18867,0,likely_delete
src/hooks/integrations/useInventorySalesOrders.ts,integrations,useInventorySalesOrders,,14762,0,likely_delete
src/hooks/integrations/usePurchaseOrderFinancialIntegration.ts,integrations,usePurchaseOrderFinancialIntegration,,20263,0,likely_delete
src/hooks/integrations/useSalesInventoryAvailability.ts,integrations,useSalesInventoryAvailability,,7893,0,likely_delete
src/hooks/integrations/useVendorPerformanceScorecard.ts,integrations,useVendorPerformanceScorecard,,5651,0,likely_delete
src/hooks/integrations/useVendorPurchaseOrders.ts,integrations,useVendorPurchaseOrders,,18593,0,likely_delete
src/hooks/useEnhancedContractDocuments.ts,hooks,useEnhancedContractDocuments,,11275,0,likely_delete
src/hooks/useRentalPaymentJournalIntegration.ts,hooks,useRentalPaymentJournalIntegration,,10001,0,likely_delete
src/hooks/useTranslation.tsx,hooks,useTranslation,,13990,0,likely_delete
src/hooks/useViolationNotifications.ts,hooks,useViolationNotifications,,20592,0,likely_delete
src/lib/i18n/businessRules.ts,i18n,businessRules,,18884,0,likely_delete
src/lib/i18n/config.ts,i18n,config,,9622,0,likely_delete
src/lib/i18n/locales.ts,i18n,locales,,13845,0,likely_delete
src/lib/i18n/validation.ts,i18n,validation,,17313,0,likely_delete
src/lib/monitoring/core.ts,monitoring,core,,18943,0,likely_delete
src/lib/monitoring/errorTracking.ts,monitoring,errorTracking,,20237,0,likely_delete
src/lib/query-client.ts,lib,query-client,,6273,0,likely_delete
src/lib/security.ts,lib,security,,4463,0,likely_delete
src/lib/validateEnv.ts,lib,validateEnv,,3267,0,likely_delete
src/lib/validation.ts,lib,validation,,7245,0,likely_delete
src/modules/properties/components/MapPicker.tsx,components,MapPicker,,5402,0,likely_delete
src/modules/properties/components/PropertyActionMenu.tsx,components,PropertyActionMenu,,5518,0,likely_delete
src/modules/properties/components/PropertyCard.tsx,components,PropertyCard,,7323,0,likely_delete
src/modules/properties/components/PropertyDetailsView.tsx,components,PropertyDetailsView,,19598,0,likely_delete
src/modules/properties/components/PropertyFilters.tsx,components,PropertyFilters,,10709,0,likely_delete
src/modules/properties/components/PropertyForm.tsx,components,PropertyForm,,22710,0,likely_delete
src/modules/properties/components/PropertyImageUpload.tsx,components,PropertyImageUpload,,10085,0,likely_delete
src/modules/properties/components/PropertyMaintenanceStatusBadge.tsx,components,PropertyMaintenanceStatusBadge,,2290,0,likely_delete
src/modules/properties/components/PropertyOwnerForm.tsx,components,PropertyOwnerForm,,13359,0,likely_delete
src/modules/properties/components/PropertyStatsCards.tsx,components,PropertyStatsCards,,9515,0,likely_delete
src/modules/properties/components/PropertyStatusBadge.tsx,components,PropertyStatusBadge,,2202,0,likely_delete
src/modules/properties/components/PropertyTable.tsx,components,PropertyTable,,10750,0,likely_delete
src/modules/properties/hooks/useProperties.ts,hooks,useProperties,,5475,0,likely_delete
src/modules/properties/hooks/useProperty.ts,hooks,useProperty,,4073,0,likely_delete
src/modules/properties/hooks/usePropertyContracts.ts,hooks,usePropertyContracts,,5848,0,likely_delete
src/modules/properties/hooks/usePropertyOwners.ts,hooks,usePropertyOwners,,8798,0,likely_delete
src/modules/properties/hooks/usePropertyPayments.ts,hooks,usePropertyPayments,,5800,0,likely_delete
src/modules/tenants/hooks/useTenants.ts,hooks,useTenants,,801,0,likely_delete
src/pages/CashReceiptDemo.tsx,pages,CashReceiptDemo,Demo,1965,0,orphan_page
src/pages/finance/AccountMappings.tsx,finance,AccountMappings,,980,0,orphan_page
src/pages/finance/AccountingWizard.tsx,finance,AccountingWizard,,293,0,orphan_page
src/pages/finance/AlertsPage.tsx,finance,AlertsPage,,858,0,orphan_page
src/pages/finance/AuditAndSettings.tsx,finance,AuditAndSettings,,10387,0,orphan_page
src/pages/finance/AuditTrailPage.tsx,finance,AuditTrailPage,,855,0,orphan_page
src/pages/finance/Budgets.tsx,finance,Budgets,,25286,0,orphan_page
src/pages/finance/BudgetsAndCostCenters.tsx,finance,BudgetsAndCostCenters,,5503,0,orphan_page
src/pages/finance/Calculator.tsx,finance,Calculator,,31569,0,orphan_page
src/pages/finance/CostCenters.tsx,finance,CostCenters,,25108,0,orphan_page
src/pages/finance/Deposits.tsx,finance,Deposits,,11518,0,orphan_page
src/pages/finance/FinanceHub.tsx,finance,FinanceHub,,19802,0,orphan_page
src/pages/finance/FinanceSettings.tsx,finance,FinanceSettings,,6815,0,orphan_page
src/pages/finance/FinancialAnalysis.tsx,finance,FinancialAnalysis,,50479,0,orphan_page
src/pages/finance/FinancialRatios.tsx,finance,FinancialRatios,,15284,0,orphan_page
src/pages/finance/FixedAssets.tsx,finance,FixedAssets,,39191,0,orphan_page
src/pages/finance/GeneralAccounting.tsx,finance,GeneralAccounting,,14195,0,orphan_page
src/pages/finance/InvoiceJournalReport.tsx,finance,InvoiceJournalReport,,955,0,orphan_page
src/pages/finance/JournalEntriesDemo.tsx,finance,JournalEntriesDemo,Demo,6815,0,orphan_page
src/pages/finance/JournalPermissions.tsx,finance,JournalPermissions,,900,0,orphan_page
src/pages/finance/Ledger.tsx,finance,Ledger,,22165,0,orphan_page
src/pages/finance/MonthlyRentTracking.tsx,finance,MonthlyRentTracking,,449,0,orphan_page
src/pages/finance/NewEntry.tsx,finance,NewEntry,,14267,0,orphan_page
src/pages/finance/Overview.tsx,finance,Overview,,27418,0,orphan_page
src/pages/finance/Reports.tsx,finance,Reports,,18911,0,orphan_page
src/pages/finance/ReportsAndAnalysis.tsx,finance,ReportsAndAnalysis,,14690,0,orphan_page
src/pages/finance/Treasury.tsx,finance,Treasury,,31418,0,orphan_page
src/pages/finance/UnifiedFinance.tsx,finance,UnifiedFinance,,6731,0,orphan_page
src/pages/finance/UnifiedPayments.tsx,finance,UnifiedPayments,,6071,0,orphan_page
src/pages/finance/UnifiedReports.tsx,finance,UnifiedReports,,6902,0,orphan_page
src/pages/finance/operations/ReceivePaymentWorkflow.tsx,operations,ReceivePaymentWorkflow,,31712,0,orphan_page
src/pages/finance/settings/AccountsSettings.tsx,settings,AccountsSettings,,6503,0,orphan_page
src/pages/finance/settings/AutomaticAccountsSettings.tsx,settings,AutomaticAccountsSettings,,9668,0,orphan_page
src/pages/finance/settings/CostCentersSettings.tsx,settings,CostCentersSettings,,4328,0,orphan_page
src/pages/finance/settings/FinancialSystemAnalysis.tsx,settings,FinancialSystemAnalysis,,33480,0,orphan_page
src/pages/finance/settings/JournalEntriesSettings.tsx,settings,JournalEntriesSettings,,3826,0,orphan_page
src/pages/financial-tracking/CreateCustomerDialog.tsx,financial-tracking,CreateCustomerDialog,,3735,0,orphan_page
src/pages/financial-tracking/CustomerSearchSection.tsx,financial-tracking,CustomerSearchSection,,13192,0,orphan_page
src/pages/financial-tracking/DeleteReceiptDialog.tsx,financial-tracking,DeleteReceiptDialog,,4088,0,orphan_page
src/pages/financial-tracking/MonthlyRevenueTab.tsx,financial-tracking,MonthlyRevenueTab,,8748,0,orphan_page
src/pages/financial-tracking/PaymentForm.tsx,financial-tracking,PaymentForm,,10144,0,orphan_page
src/pages/financial-tracking/PaymentHistoryTable.tsx,financial-tracking,PaymentHistoryTable,,17602,0,orphan_page
src/pages/financial-tracking/UnpaidByMonthView.tsx,financial-tracking,UnpaidByMonthView,,13108,0,orphan_page
src/pages/financial-tracking/types.ts,financial-tracking,types,,249,0,orphan_page
src/pages/fleet/reports/FleetReportsPage.tsx,reports,FleetReportsPage,,47477,0,orphan_page
src/pages/fleet/reports/components/FleetCharts.tsx,components,FleetCharts,,14823,0,orphan_page
src/pages/fleet/reports/components/FleetKPICards.tsx,components,FleetKPICards,,7359,0,orphan_page
src/pages/fleet/reports/components/ReportFilters.tsx,components,ReportFilters,,13009,0,orphan_page
src/pages/fleet/reports/components/ReportGenerator.tsx,components,ReportGenerator,,37124,0,orphan_page
src/pages/fleet/reports/hooks/useFleetReports.ts,hooks,useFleetReports,,16203,0,orphan_page
src/pages/fleet/reports/types/reports.types.ts,types,reports.types,,3547,0,orphan_page
src/pages/inventory/Inventory.tsx,inventory,Inventory,,23187,0,orphan_page
src/pages/inventory/InventoryCategories.tsx,inventory,InventoryCategories,,17532,0,orphan_page
src/pages/inventory/InventoryReports.tsx,inventory,InventoryReports,,27780,0,orphan_page
src/pages/inventory/StockMovements.tsx,inventory,StockMovements,,16652,0,orphan_page
src/pages/inventory/Warehouses.tsx,inventory,Warehouses,,18080,0,orphan_page
src/pages/legal/LawsuitPreparation/components/DocumentList/DocumentItem.tsx,DocumentList,DocumentItem,,7959,0,orphan_page
src/pages/legal/LawsuitPreparation/components/LegalActions.tsx,components,LegalActions,,11584,0,orphan_page
src/pages/legal/LawsuitPreparation/components/LegalDocuments.tsx,components,LegalDocuments,,32601,0,orphan_page
src/pages/legal/LawsuitPreparation/components/LegalHeader.tsx,components,LegalHeader,,8553,0,orphan_page
src/pages/legal/LawsuitPreparation/components/LegalOverview.tsx,components,LegalOverview,,15814,0,orphan_page
src/pages/legal/LawsuitPreparation/components/LegalTaqadi.tsx,components,LegalTaqadi,,24593,0,orphan_page
src/pages/legal/LawsuitPreparation/store/LawsuitPreparationContext.tsx,store,LawsuitPreparationContext,,43430,0,orphan_page
src/pages/legal/LawsuitPreparation/store/reducer.ts,store,reducer,,14644,0,orphan_page
src/pages/legal/LawsuitPreparation/store/types.ts,store,types,,12273,0,orphan_page
src/pages/legal/LawsuitPreparation/utils/caseRegistration.ts,utils,caseRegistration,,12209,0,orphan_page
src/pages/legal/LawsuitPreparation/utils/documentGenerators.ts,utils,documentGenerators,,21511,0,orphan_page
src/pages/legal/LawsuitPreparation/utils/zipExport.ts,utils,zipExport,,17283,0,orphan_page
src/pages/legal/financial-delinquency/ContractCard.tsx,financial-delinquency,ContractCard,,4629,0,orphan_page
src/pages/legal/financial-delinquency/CustomerCard.tsx,financial-delinquency,CustomerCard,,13014,0,orphan_page
src/pages/legal/financial-delinquency/QuickAction.tsx,financial-delinquency,QuickAction,,1816,0,orphan_page
src/pages/legal/financial-delinquency/StatCard.tsx,financial-delinquency,StatCard,,2480,0,orphan_page
src/pages/legal/financial-delinquency/types.ts,financial-delinquency,types,,1406,0,orphan_page
src/pages/legal/legal-cases/KPICard.tsx,legal-cases,KPICard,,1835,0,orphan_page
src/pages/legal/legal-cases/StatusBadge.tsx,legal-cases,StatusBadge,,1675,0,orphan_page
src/pages/legal/legal-cases/TabButton.tsx,legal-cases,TabButton,,792,0,orphan_page
src/pages/legal/legal-cases/constants.ts,legal-cases,constants,,161,0,orphan_page
src/pages/mobile/MobileCars.tsx,mobile,MobileCars,,12280,0,orphan_page
src/pages/mobile/MobileContracts.tsx,mobile,MobileContracts,,14030,0,orphan_page
src/pages/mobile/MobileCustomers.tsx,mobile,MobileCustomers,,12130,0,orphan_page
src/pages/mobile/MobileHome.tsx,mobile,MobileHome,,12312,0,orphan_page
src/pages/mobile/MobileOverdue.tsx,mobile,MobileOverdue,,20345,0,orphan_page
src/services/ContractService.ts,services,ContractService,,14638,0,likely_delete
src/services/InvoiceService.ts,services,InvoiceService,,8518,0,likely_delete
src/services/contractTemplateService.ts,services,contractTemplateService,,9464,0,likely_delete
src/services/core/ApiCache.ts,core,ApiCache,,10996,0,likely_delete
src/services/core/BaseRepository.ts,core,BaseRepository,,8168,0,likely_delete
src/services/core/BaseService.ts,core,BaseService,,15643,0,likely_delete
src/services/core/BatchProcessor.ts,core,BatchProcessor,,19341,0,likely_delete
src/services/core/PerformanceMonitor.ts,core,PerformanceMonitor,,16667,0,likely_delete
src/services/core/QueryOptimizer.ts,core,QueryOptimizer,,19974,0,likely_delete
src/services/imagePreprocessor.ts,services,imagePreprocessor,,10567,0,likely_delete
src/services/ocrWorkerService.ts,services,ocrWorkerService,,10409,0,likely_delete
src/services/repositories/ContractRepository.ts,repositories,ContractRepository,,6333,0,likely_delete
src/services/repositories/InvoiceRepository.ts,repositories,InvoiceRepository,,4776,0,likely_delete
src/services/repositories/PaymentRepository.ts,repositories,PaymentRepository,,5911,0,likely_delete
src/services/tesseractOCR.ts,services,tesseractOCR,,6225,0,likely_delete
src/services/whatsapp/ReportScheduler.ts,whatsapp,ReportScheduler,,18498,0,likely_delete
src/utils/advancedTabSync.ts,utils,advancedTabSync,,19360,0,likely_delete
src/utils/cacheUtils.ts,utils,cacheUtils,,7653,0,likely_delete
src/utils/exports/csvExport.ts,exports,csvExport,,11068,0,likely_delete
src/utils/exports/excelExport.ts,exports,excelExport,,13432,0,likely_delete
src/utils/exports/pdfExport.ts,exports,pdfExport,,13840,0,likely_delete
src/utils/exports/templates.ts,exports,templates,,11225,0,likely_delete
src/utils/lawsuitExcelGenerator.ts,utils,lawsuitExcelGenerator,,11184,0,likely_delete
src/utils/official-letters/claims-statement.ts,official-letters,claims-statement,,28009,0,likely_delete
src/utils/official-letters/document-portfolio.ts,official-letters,document-portfolio,,13913,0,likely_delete
src/utils/official-letters/documents-list.ts,official-letters,documents-list,,15822,0,likely_delete
src/utils/official-letters/explanatory-memo.ts,official-letters,explanatory-memo,,9266,0,likely_delete
src/utils/official-letters/official-letter.ts,official-letters,official-letter,,2241,0,likely_delete
src/utils/official-letters/print.ts,official-letters,print,,374,0,likely_delete
src/utils/official-letters/shared.ts,official-letters,shared,,2776,0,likely_delete
src/utils/official-letters/styles.ts,official-letters,styles,,10470,0,likely_delete
src/utils/official-letters/templates.ts,official-letters,templates,,3287,0,likely_delete
src/utils/official-letters/types.ts,official-letters,types,,4097,0,likely_delete
src/utils/official-letters/violations-transfer.ts,official-letters,violations-transfer,,13542,0,likely_delete
src/utils/paymentAllocationEngine.ts,utils,paymentAllocationEngine,,7359,0,likely_delete
